1|3|srpski|10|23-Jun-23|25-Jun-23|1|super tura|Approved|0
2|3|srpski|41|09-Jun-23|17-Jun-25|2|Novi Sad nocu|RejectedCreated|0
3|3|srpski|200|25-Jun-23|06-Jul-23|4|zabavna tura|Approved|0
4|3|francuski|30|23-Jun-23|25-Jun-23|6|romanticna tura|Approved|0
5|3|francuski|30|23-Jun-24|25-Jun-24|6|romanticna tura|Approved|0
6|3|engleski|10|23-Jun-23|25-Jun-25|1|super tura|Approved|0
7|3|engleski|41|09-Jun-23|17-Jun-24|2|Novi Sad nocu|Rejected|0
8|3|srpski|200|25-Jun-23|06-Jul-23|4|zabavna tura|Approved|0
9|3|francuski|30|23-Jun-23|25-Jun-24|6|romanticna tura|Rejected|0
10|3|francuski|30|23-Jun-24|25-Jun-24|6|romanticna tura|Approved|0
11|3|edws|8|17-Jun-23|24-Jun-23|2|efww|OnHold|19
12|3|edws|8|17-Jun-23|24-Jun-23|2|efww|OnHold|19
13|3|srpski|14|16-Oct-24|21-Nov-24|5|cdwv|OnHold|20
14|3|srpski|36|07-Jul-23|09-Jul-23|4|dew|OnHold|21
15|3|srpski|40|15-Jul-23|06-Aug-23|2|dew|OnHold|21
16|3|srpski|40|18-Jun-23|30-Jun-23|4|deiuced|OnHold|22
17|3|francuski|10|10-May-24|12-Sep-24|7|dcc|OnHold|23
18|3|srpski|7|29-Jun-24|30-Jun-24|1|super kul tura|OnHold|24
19|3|francuski|300|14-May-25|20-May-25|6|romanticno i ljubavno putovanje|OnHold|25
